,user,text,favourite_count,retweet_count,created_at
0,FullStack_Cafe,"Can You Answer this #Coding #Interview Question? ğŸ¤”

âš¡ï¸  Topic: #javascript
â­ï¸  Difficulty:  ğŸŸ¡ Mid
â“  QA: ""When should I use Arrow Functions in ES6?""

Or Check ANSWER ğŸ‘‰ https://t.co/dCt4TY2Rdp

#100DaysOfCode #DEVCommunity #CodeNewbie #freeCodeCamp",1,0,2023-01-21 12:00:00+00:00
1,FullStack_Cafe,"Can You Answer this #Coding #Interview Question? ğŸ¤”

âš¡ï¸  Topic: #oop
â­ï¸  Difficulty:  ğŸŸ¢ Junior
â“  QA: ""Explain the basic features of OOPs""

Or Check ANSWER ğŸ‘‰ https://t.co/8I4nBv6DvF

#100DaysOfCode #DEVCommunity #CodeNewbie #freeCodeCamp",0,0,2023-01-21 06:00:00+00:00
2,FullStack_Cafe,"Can You Answer this #Coding #Interview Question? ğŸ¤”

âš¡ï¸  Topic: #c#
â­ï¸  Difficulty:  ğŸŸ¡ Mid
â“  QA: ""Is there a difference between `throw` and `throw ex`?""

Or Check ANSWER ğŸ‘‰ https://t.co/nSgO8aRTA1

#100DaysOfCode #DEVCommunity #CodeNewbie #freeCodeCamp",1,0,2023-01-21 00:00:00+00:00
3,FullStack_Cafe,"Can You Answer this #Coding #Interview Question? ğŸ¤”

âš¡ï¸  Topic: #typescript
â­ï¸  Difficulty:  ğŸ”´ Senior
â“  QA: ""Explain what is `never` datatype in TypeScript?""

Or Check ANSWER ğŸ‘‰ https://t.co/mm76zlhTxN

#100DaysOfCode #DEVCommunity #CodeNewbie #freeCodeCamp",0,0,2023-01-20 18:00:00+00:00
4,FullStack_Cafe,"Can You Answer this #Coding #Interview Question? ğŸ¤”

âš¡ï¸  Topic: #angularjs
â­ï¸  Difficulty:  ğŸŸ£ Expert
â“  QA: ""How Directives are compiled?""

Or Check ANSWER ğŸ‘‰ https://t.co/VVJ4K3Pfdi

#100DaysOfCode #DEVCommunity #CodeNewbie #freeCodeCamp",0,0,2023-01-20 12:00:00+00:00
5,FullStack_Cafe,"Can You Answer this #Coding #Interview Question? ğŸ¤”

âš¡ï¸  Topic: #reacthooks
â­ï¸  Difficulty:  ğŸŸ¡ Mid
â“  QA: ""When would you use `useContext` hook?""

Or Check ANSWER ğŸ‘‰ https://t.co/zQzAYcfBVk

#100DaysOfCode #DEVCommunity #CodeNewbie #freeCodeCamp",1,0,2023-01-20 06:00:00+00:00
6,FullStack_Cafe,"Can You Answer this #Coding #Interview Question? ğŸ¤”

âš¡ï¸  Topic: #xamarin
â­ï¸  Difficulty:  ğŸŸ¡ Mid
â“  QA: ""What is _Behaviors_? Give some examples where we should use _Behaviors_?""

Or Check ANSWER ğŸ‘‰ https://t.co/7rDTi2Xqj6

#100DaysOfCode #DEVCommunity #CodeNewbie #freeCodeCamp",2,1,2023-01-20 00:00:00+00:00
7,FullStack_Cafe,"Can You Answer this #Coding #Interview Question? ğŸ¤”

âš¡ï¸  Topic: #binarytree
â­ï¸  Difficulty:  ğŸŸ¢ Junior
â“  QA: ""What is Binary Search Tree?""

Or Check ANSWER ğŸ‘‰ https://t.co/cI65PsvBSq

#100DaysOfCode #DEVCommunity #CodeNewbie #freeCodeCamp",0,0,2023-01-19 18:00:00+00:00
8,FullStack_Cafe,"Can You Answer this #Coding #Interview Question? ğŸ¤”

âš¡ï¸  Topic: #golang
â­ï¸  Difficulty:  ğŸ”´ Senior
â“  QA: ""How to find a _type_ of an object in Go?""

Or Check ANSWER ğŸ‘‰ https://t.co/dP8CIPgNMa

#100DaysOfCode #DEVCommunity #CodeNewbie #freeCodeCamp",0,0,2023-01-19 12:00:00+00:00
9,FullStack_Cafe,"Can You Answer this #Coding #Interview Question? ğŸ¤”

âš¡ï¸  Topic: #kubernetes
â­ï¸  Difficulty:  ğŸŸ¢ Junior
â“  QA: ""What is Kubernetes, exactly?""

Or Check ANSWER ğŸ‘‰ https://t.co/NrtJZ2nqCw

#100DaysOfCode #DEVCommunity #CodeNewbie #freeCodeCamp",1,0,2023-01-19 06:00:00+00:00
10,FullStack_Cafe,"Can You Answer this #Coding #Interview Question? ğŸ¤”

âš¡ï¸  Topic: #laravel
â­ï¸  Difficulty:  ğŸŸ¢ Junior
â“  QA: ""What are artisan commands?""

Or Check ANSWER ğŸ‘‰ https://t.co/aPDmrUvBvU

#100DaysOfCode #DEVCommunity #CodeNewbie #freeCodeCamp",1,0,2023-01-19 00:00:00+00:00
11,FullStack_Cafe,"Can You Answer this #Coding #Interview Question? ğŸ¤”

âš¡ï¸  Topic: #dependencyinjection
â­ï¸  Difficulty:  ğŸŸ¡ Mid
â“  QA: ""What is _Inversion of Control_?""

Or Check ANSWER ğŸ‘‰ https://t.co/Bkb3uaEs7x

#100DaysOfCode #DEVCommunity #CodeNewbie #freeCodeCamp",0,0,2023-01-18 18:00:00+00:00
12,FullStack_Cafe,"Can You Answer this #Coding #Interview Question? ğŸ¤”

âš¡ï¸  Topic: #apidesign
â­ï¸  Difficulty:  âšª Entry
â“  QA: ""What REST stands for?""

Or Check ANSWER ğŸ‘‰ https://t.co/zYaYP9eUpJ

#100DaysOfCode #DEVCommunity #CodeNewbie #freeCodeCamp",1,0,2023-01-18 12:00:00+00:00
13,FullStack_Cafe,"Can You Answer this #Coding #Interview Question? ğŸ¤”

âš¡ï¸  Topic: #ddd
â­ï¸  Difficulty:  ğŸ”´ Senior
â“  QA: ""What exactly are the _Anti-Corruption_ layers in DDD? Provide an example.""

Or Check ANSWER ğŸ‘‰ https://t.co/Zl5kO1XvTz

#100DaysOfCode #DEVCommunity #CodeNewbie #freeCodeCamp",0,0,2023-01-11 18:00:00+00:00
14,FullStack_Cafe,"Can You Answer this #Coding #Interview Question? ğŸ¤”

âš¡ï¸  Topic: #flutter
â­ï¸  Difficulty:  ğŸ”´ Senior
â“  QA: ""How does Dart `AOT` work?""

Or Check ANSWER ğŸ‘‰ https://t.co/sfBshM0cGD

#100DaysOfCode #DEVCommunity #CodeNewbie #freeCodeCamp",0,0,2023-01-10 18:00:00+00:00
15,FullStack_Cafe,"Can You Answer this #Coding #Interview Question? ğŸ¤”

âš¡ï¸  Topic: #php
â­ï¸  Difficulty:  ğŸŸ¡ Mid
â“  QA: ""Check if PHP array is associative""

Or Check ANSWER ğŸ‘‰ https://t.co/CRB8CkQ8VB

#100DaysOfCode #DEVCommunity #CodeNewbie #freeCodeCamp",1,0,2023-01-09 18:00:00+00:00
16,FullStack_Cafe,"Can You Answer this #Coding #Interview Question? ğŸ¤”

âš¡ï¸  Topic: #mongodb
â­ï¸  Difficulty:  ğŸŸ¢ Junior
â“  QA: ""What is a _Replica Set_?""

Or Check ANSWER ğŸ‘‰ https://t.co/K7krBPDTyj

#100DaysOfCode #DEVCommunity #CodeNewbie #freeCodeCamp",2,0,2022-12-29 12:00:00+00:00
17,FullStack_Cafe,"Can You Answer this #Coding #Interview Question? ğŸ¤”

âš¡ï¸  Topic: #android
â­ï¸  Difficulty:  ğŸŸ¡ Mid
â“  QA: ""What is _DDMS_ and what can you do with it?""

Or Check ANSWER ğŸ‘‰ https://t.co/86xonvMxF9

#100DaysOfCode #DEVCommunity #CodeNewbie #freeCodeCamp",1,1,2022-12-26 12:00:00+00:00
18,FullStack_Cafe,"Can You Answer this #Coding #Interview Question? ğŸ¤”

âš¡ï¸  Topic: #golang
â­ï¸  Difficulty:  ğŸ”´ Senior
â“  QA: ""How can I check if _two slices are equal_?""

Or Check ANSWER ğŸ‘‰ https://t.co/dP8CIPgNMa

#100DaysOfCode #DEVCommunity #CodeNewbie #freeCodeCamp",1,1,2022-12-19 06:00:00+00:00
19,FullStack_Cafe,"Can You Answer this #Coding #Interview Question? ğŸ¤”

âš¡ï¸  Topic: #wpf
â­ï¸  Difficulty:  ğŸŸ¢ Junior
â“  QA: ""What is value convertor in WPF?""

Or Check ANSWER ğŸ‘‰ https://t.co/pYhiLlaEiM

#100DaysOfCode #DEVCommunity #CodeNewbie #freeCodeCamp",2,2,2022-12-18 06:00:00+00:00
20,FullStack_Cafe,"Can You Answer this #Coding #Interview Question? ğŸ¤”

âš¡ï¸  Topic: #angular
â­ï¸  Difficulty:  ğŸ”´ Senior
â“  QA: ""_When_ does a lazy loaded module is loaded?""

Or Check ANSWER ğŸ‘‰ https://t.co/WPg8pUQR8g

#100DaysOfCode #DEVCommunity #CodeNewbie #freeCodeCamp",1,0,2022-12-14 06:00:00+00:00
21,FullStack_Cafe,"Can You Answer this #Coding #Interview Question? ğŸ¤”

âš¡ï¸  Topic: #entityframework
â­ï¸  Difficulty:  ğŸŸ¡ Mid
â“  QA: ""What are the _advantages_ of _Model First Approach_?""

Or Check ANSWER ğŸ‘‰ https://t.co/rzQ4IfEF7s

#100DaysOfCode #DEVCommunity #CodeNewbie #freeCodeCamp",1,0,2022-12-12 06:00:00+00:00
22,FullStack_Cafe,"Can You Answer this #Coding #Interview Question? ğŸ¤”

âš¡ï¸  Topic: #python
â­ï¸  Difficulty:  ğŸ”´ Senior
â“  QA: ""Why aren't Python _nested functions_ called closures?""

Or Check ANSWER ğŸ‘‰ https://t.co/nnZxb1giiy

#100DaysOfCode #DEVCommunity #CodeNewbie #freeCodeCamp",1,0,2022-12-02 12:00:00+00:00
23,FullStack_Cafe,"Can You Answer this #Coding #Interview Question? ğŸ¤”

âš¡ï¸  Topic: #typescript
â­ï¸  Difficulty:  ğŸŸ¢ Junior
â“  QA: ""Describe what are _conditional types_ in TypeScript?""

Or Check ANSWER ğŸ‘‰ https://t.co/mm76zlhTxN

#100DaysOfCode #DEVCommunity #CodeNewbie #freeCodeCamp",1,0,2022-12-01 12:00:00+00:00
24,FullStack_Cafe,"Can You Answer this #Coding #Interview Question? ğŸ¤”

âš¡ï¸  Topic: #html5
â­ï¸  Difficulty:  ğŸŸ¡ Mid
â“  QA: ""What is HTML5 Web Storage? Explain `localStorage` and `sessionStorage`.""

Or Check ANSWER ğŸ‘‰ https://t.co/wQjMWAJ3MN

#100DaysOfCode #DEVCommunity #CodeNewbie #freeCodeCamp",0,0,2022-11-30 12:00:00+00:00
25,FullStack_Cafe,"Can You Answer this #Coding #Interview Question? ğŸ¤”

âš¡ï¸  Topic: #ios
â­ï¸  Difficulty:  ğŸŸ¢ Junior
â“  QA: ""Explain what is `NSUserDefaults`?""

Or Check ANSWER ğŸ‘‰ https://t.co/T7GC0Cj7zj

#100DaysOfCode #DEVCommunity #CodeNewbie #freeCodeCamp",2,0,2022-11-28 12:00:00+00:00
26,FullStack_Cafe,"Can You Answer this #Coding #Interview Question? ğŸ¤”

âš¡ï¸  Topic: #laravel
â­ï¸  Difficulty:  ğŸŸ¡ Mid
â“  QA: ""What are the benefits of using Vue.js with Laravel?""

Or Check ANSWER ğŸ‘‰ https://t.co/aPDmrUe07k

#100DaysOfCode #DEVCommunity #CodeNewbie #freeCodeCamp",5,3,2022-11-20 12:00:00+00:00
27,FullStack_Cafe,"Can You Answer this #Coding #Interview Question? ğŸ¤”

âš¡ï¸  Topic: #cdn
â­ï¸  Difficulty:  ğŸŸ¡ Mid
â“  QA: ""What Is Cache Busting?""

Or Check ANSWER ğŸ‘‰ https://t.co/QqgN2h3mW4

#100DaysOfCode #DEVCommunity #CodeNewbie #freeCodeCamp",1,0,2022-11-19 06:00:00+00:00
28,FullStack_Cafe,"Can You Answer this #Coding #Interview Question? ğŸ¤”

âš¡ï¸  Topic: #hashtables
â­ï¸  Difficulty:  ğŸŸ£ Expert
â“  QA: ""Why all hash functions are ""broken""? Explain.""

Or Check ANSWER ğŸ‘‰ https://t.co/QDO6AAfuhf

#100DaysOfCode #DEVCommunity #CodeNewbie #freeCodeCamp",1,1,2022-11-17 06:00:00+00:00
29,FullStack_Cafe,"Can You Answer this #Coding #Interview Question? ğŸ¤”

âš¡ï¸  Topic: #devops
â­ï¸  Difficulty:  ğŸ”´ Senior
â“  QA: ""How would you deploy software to 5000 nodes?""

Or Check ANSWER ğŸ‘‰ https://t.co/MHwvgPq5Kp

#100DaysOfCode #DEVCommunity #CodeNewbie #freeCodeCamp",1,0,2022-11-11 06:00:00+00:00
30,FullStack_Cafe,"Can You Answer this #Coding #Interview Question? ğŸ¤”

âš¡ï¸  Topic: #nodejs
â­ï¸  Difficulty:  ğŸ”´ Senior
â“  QA: ""What is the purpose of `__filename` variable in Node.js?""

Or Check ANSWER ğŸ‘‰ https://t.co/n9jk9ygXlk

#100DaysOfCode #DEVCommunity #CodeNewbie #freeCodeCamp",3,0,2022-11-09 06:00:00+00:00
31,FullStack_Cafe,"Can You Answer this #Coding #Interview Question? ğŸ¤”

âš¡ï¸  Topic: #adonet
â­ï¸  Difficulty:  ğŸŸ¢ Junior
â“  QA: ""What are the https://t.co/HmH6k4eD6V components?""

Or Check ANSWER ğŸ‘‰ https://t.co/iSuYqSrNSG

#100DaysOfCode #DEVCommunity #CodeNewbie #freeCodeCamp",1,4,2022-11-07 06:00:00+00:00
32,FullStack_Cafe,"Can You Answer this #Coding #Interview Question? ğŸ¤”

âš¡ï¸  Topic: #agile&amp; scrum
â­ï¸  Difficulty:  ğŸŸ¡ Mid
â“  QA: ""What are some methodologies used to implement Agile?""

Or Check ANSWER ğŸ‘‰ https://t.co/eCzbvz3iJs

#100DaysOfCode #DEVCommunity #CodeNewbie #freeCodeCamp",3,1,2022-11-05 06:00:00+00:00
33,FullStack_Cafe,"Can You Answer this #Coding #Interview Question? ğŸ¤”

âš¡ï¸  Topic: #nodejs
â­ï¸  Difficulty:  ğŸŸ¡ Mid
â“  QA: ""What is the relationship between Node.js and V8?""

Or Check ANSWER ğŸ‘‰ https://t.co/n9jk9ygXlk

#100DaysOfCode #DEVCommunity #CodeNewbie #freeCodeCamp",3,3,2022-11-02 06:00:00+00:00
34,FullStack_Cafe,"Can You Answer this #Coding #Interview Question? ğŸ¤”

âš¡ï¸  Topic: #wpf
â­ï¸  Difficulty:  ğŸŸ¢ Junior
â“  QA: ""What is xmlns in XAML file?""

Or Check ANSWER ğŸ‘‰ https://t.co/pYhiLla6te

#100DaysOfCode #DEVCommunity #CodeNewbie #freeCodeCamp",1,1,2022-11-01 18:00:00+00:00
35,FullStack_Cafe,"Can You Answer this #Coding #Interview Question? ğŸ¤”

âš¡ï¸  Topic: #docker
â­ï¸  Difficulty:  ğŸŸ£ Expert
â“  QA: ""How containers works at low level?""

Or Check ANSWER ğŸ‘‰ https://t.co/vTM7CGJigE

#100DaysOfCode #DEVCommunity #CodeNewbie #freeCodeCamp",1,1,2022-10-31 18:00:00+00:00
36,FullStack_Cafe,"Can You Answer this #Coding #Interview Question? ğŸ¤”

âš¡ï¸  Topic: #ruby
â­ï¸  Difficulty:  âšª Entry
â“  QA: ""What are rubygems?""

Or Check ANSWER ğŸ‘‰ https://t.co/djDQic1Lec

#100DaysOfCode #DEVCommunity #CodeNewbie #freeCodeCamp",1,2,2022-10-21 12:00:00+00:00
37,FullStack_Cafe,"Can You Answer this #Coding #Interview Question? ğŸ¤”

âš¡ï¸  Topic: #uxdesign
â­ï¸  Difficulty:  ğŸŸ¡ Mid
â“  QA: ""How do you create a research methodology?""

Or Check ANSWER ğŸ‘‰ https://t.co/LQTZlG2Y16

#100DaysOfCode #DEVCommunity #CodeNewbie #freeCodeCamp",1,5,2022-10-20 12:00:00+00:00
38,FullStack_Cafe,"Can You Answer this #Coding #Interview Question? ğŸ¤”

âš¡ï¸  Topic: #wcf
â­ï¸  Difficulty:  âšª Entry
â“  QA: ""What is WCF?""

Or Check ANSWER ğŸ‘‰ https://t.co/NvAzA73Rtu

#100DaysOfCode #DEVCommunity #CodeNewbie #freeCodeCamp",2,3,2022-10-11 00:00:00+00:00
39,FullStack_Cafe,"Can You Answer this #Coding #Interview Question? ğŸ¤”

âš¡ï¸  Topic: #softwarearchitecture
â­ï¸  Difficulty:  ğŸŸ¡ Mid
â“  QA: ""What is _Bad Design_?""

Or Check ANSWER ğŸ‘‰ https://t.co/NKXKXEvvD0

#100DaysOfCode #DEVCommunity #CodeNewbie #freeCodeCamp",1,2,2022-10-10 06:00:00+00:00
40,FullStack_Cafe,"Can You Answer this #Coding #Interview Question? ğŸ¤”

âš¡ï¸  Topic: #apidesign
â­ï¸  Difficulty:  ğŸ”´ Senior
â“  QA: ""What are the advantages of statelessness in RESTful Webservices?""

Or Check ANSWER ğŸ‘‰ https://t.co/zYaYP8Xj19

#100DaysOfCode #DEVCommunity #CodeNewbie #freeCodeCamp",3,4,2022-10-10 00:00:00+00:00
41,FullStack_Cafe,"Can You Answer this #Coding #Interview Question? ğŸ¤”

âš¡ï¸  Topic: #javascript
â­ï¸  Difficulty:  âšª Entry
â“  QA: ""String Rotation""

Or Check ANSWER ğŸ‘‰ https://t.co/dCt4TY2Rdp

#100DaysOfCode #DEVCommunity #CodeNewbie #freeCodeCamp",0,2,2022-09-29 18:00:00+00:00
42,FullStack_Cafe,"Can You Answer this #Coding #Interview Question? ğŸ¤”

âš¡ï¸  Topic: #angular
â­ï¸  Difficulty:  ğŸ”´ Senior
â“  QA: ""What does `detectChanges` do in Angular Jasmine tests?""

Or Check ANSWER ğŸ‘‰ https://t.co/WPg8pUQR8g

#100DaysOfCode #DEVCommunity #CodeNewbie #freeCodeCamp",1,2,2022-09-27 18:00:00+00:00
43,FullStack_Cafe,"Can You Answer this #Coding #Interview Question? ğŸ¤”

âš¡ï¸  Topic: #loadbalancing
â­ï¸  Difficulty:  ğŸ”´ Senior
â“  QA: ""Name some metrics for traffic routing""

Or Check ANSWER ğŸ‘‰ https://t.co/bfo0pEvuFz

#100DaysOfCode #DEVCommunity #CodeNewbie #freeCodeCamp",2,2,2022-09-20 18:00:00+00:00
44,FullStack_Cafe,"Can You Answer this #Coding #Interview Question? ğŸ¤”

âš¡ï¸  Topic: #t-sql
â­ï¸  Difficulty:  ğŸ”´ Senior
â“  QA: ""What is the difference between `PARTITION BY` and `GROUP BY`""

Or Check ANSWER ğŸ‘‰ https://t.co/OyVLK204uB

#100DaysOfCode #DEVCommunity #CodeNewbie #freeCodeCamp",0,1,2022-09-16 12:00:00+00:00
45,FullStack_Cafe,"Can You Answer this #Coding #Interview Question? ğŸ¤”

âš¡ï¸  Topic: #ionic
â­ï¸  Difficulty:  ğŸŸ¡ Mid
â“  QA: ""What is the difference between Cordova and Ionic?""

Or Check ANSWER ğŸ‘‰ https://t.co/uV1kbL2p3A

#100DaysOfCode #DEVCommunity #CodeNewbie #freeCodeCamp",2,1,2022-09-15 12:00:00+00:00
46,FullStack_Cafe,"Can You Answer this #Coding #Interview Question? ğŸ¤”

âš¡ï¸  Topic: #react
â­ï¸  Difficulty:  ğŸŸ¡ Mid
â“  QA: ""What do these three dots (`...`) in React do?""

Or Check ANSWER ğŸ‘‰ https://t.co/cswI0rDFCn

#100DaysOfCode #DEVCommunity #CodeNewbie #freeCodeCamp",4,4,2022-09-03 06:00:00+00:00
47,FullStack_Cafe,"Can You Answer this #Coding #Interview Question? ğŸ¤”

âš¡ï¸  Topic: #ddd
â­ï¸  Difficulty:  ğŸŸ¢ Junior
â“  QA: ""What is a _Domain Model_ in DDD?""

Or Check ANSWER ğŸ‘‰ https://t.co/Zl5kO1XvTz

#100DaysOfCode #DEVCommunity #CodeNewbie #freeCodeCamp",3,4,2022-09-01 06:00:00+00:00
48,FullStack_Cafe,"Can You Answer this #Coding #Interview Question? ğŸ¤”

âš¡ï¸  Topic: #typescript
â­ï¸  Difficulty:  âšª Entry
â“  QA: ""What are the benefits of TypeScript?""

Or Check ANSWER ğŸ‘‰ https://t.co/mm76zlhTxN

#100DaysOfCode #DEVCommunity #CodeNewbie #freeCodeCamp",2,1,2022-08-31 06:00:00+00:00
49,FullStack_Cafe,"Can You Answer this #Coding #Interview Question? ğŸ¤”

âš¡ï¸  Topic: #rubyon rails
â­ï¸  Difficulty:  ğŸŸ£ Expert
â“  QA: ""Node.js vs Ruby on Rails. Which would you choose?""

Or Check ANSWER ğŸ‘‰ https://t.co/V9qAAJhx4F

#100DaysOfCode #DEVCommunity #CodeNewbie #freeCodeCamp",2,3,2022-08-16 00:00:00+00:00
50,FullStack_Cafe,"Can You Answer this #Coding #Interview Question? ğŸ¤”

âš¡ï¸  Topic: #html5
â­ï¸  Difficulty:  ğŸ”´ Senior
â“  QA: ""What is the purpose of 'main' element?""

Or Check ANSWER ğŸ‘‰ https://t.co/wQjMWAJ3MN

#100DaysOfCode #DEVCommunity #CodeNewbie #freeCodeCamp",0,4,2022-08-03 00:00:00+00:00
51,FullStack_Cafe,"Can You Answer this #Coding #Interview Question? ğŸ¤”

âš¡ï¸  Topic: #c#
â­ï¸  Difficulty:  ğŸŸ¡ Mid
â“  QA: ""Explain _Code Compilation_ in C#""

Or Check ANSWER ğŸ‘‰ https://t.co/nSgO8aRTA1

#100DaysOfCode #DEVCommunity #CodeNewbie #freeCodeCamp",1,2,2022-08-02 00:00:00+00:00
52,FullStack_Cafe,"Can You Answer this #Coding #Interview Question? ğŸ¤”

âš¡ï¸  Topic: #ios
â­ï¸  Difficulty:  ğŸŸ¡ Mid
â“  QA: ""What mechanisms does iOS provide to support _multi-threading_?""

Or Check ANSWER ğŸ‘‰ https://t.co/T7GC0CizJL

#100DaysOfCode #DEVCommunity #CodeNewbie #freeCodeCamp",2,4,2022-08-01 00:00:00+00:00
53,FullStack_Cafe,"Can You Answer this #Coding #Interview Question? ğŸ¤”

âš¡ï¸  Topic: #aspnetweb api
â­ï¸  Difficulty:  ğŸ”´ Senior
â“  QA: ""What's the difference between _OpenID_ and _OAuth_?""

Or Check ANSWER ğŸ‘‰ https://t.co/5oWqUKf8yP

#100DaysOfCode #DEVCommunity #CodeNewbie #freeCodeCamp",2,2,2022-07-16 18:00:00+00:00
54,FullStack_Cafe,"Can You Answer this #Coding #Interview Question? ğŸ¤”

âš¡ï¸  Topic: #xml&amp; xslt
â­ï¸  Difficulty:  ğŸŸ¡ Mid
â“  QA: ""What are some advantages of XSLT?""

Or Check ANSWER ğŸ‘‰ https://t.co/Vg95XtvX9L

#100DaysOfCode #DEVCommunity #CodeNewbie #freeCodeCamp",3,1,2022-06-13 00:00:00+00:00
55,FullStack_Cafe,"Can You Answer this #Coding #Interview Question? ğŸ¤”

âš¡ï¸  Topic: #ruby
â­ï¸  Difficulty:  ğŸŸ¡ Mid
â“  QA: ""What is an iterator? ""

Or Check ANSWER ğŸ‘‰ https://t.co/djDQic1doE

#100DaysOfCode #DEVCommunity #CodeNewbie #freeCodeCamp",4,1,2022-06-08 00:00:00+00:00
56,FullStack_Cafe,"Can You Answer this #Coding #Interview Question? ğŸ¤”

âš¡ï¸  Topic: #hashtables
â­ï¸  Difficulty:  ğŸ”´ Senior
â“  QA: ""How To Choose Between a Hash Table and a Trie (Prefix Tree)?""

Or Check ANSWER ğŸ‘‰ https://t.co/QDO6AzXTpH

#100DaysOfCode #DEVCommunity #CodeNewbie #freeCodeCamp",0,1,2022-05-31 12:00:00+00:00
57,FullStack_Cafe,"Can You Answer this #Coding #Interview Question? ğŸ¤”

âš¡ï¸  Topic: #php
â­ï¸  Difficulty:  ğŸŸ¢ Junior
â“  QA: ""In PHP, objects are they passed _by value_ or _by reference_?""

Or Check ANSWER ğŸ‘‰ https://t.co/CRB8CkQ8VB

#100DaysOfCode #DEVCommunity #CodeNewbie #freeCodeCamp",1,1,2022-05-30 12:00:00+00:00
58,FullStack_Cafe,"Can You Answer this #Coding #Interview Question? ğŸ¤”

âš¡ï¸  Topic: #wpf
â­ï¸  Difficulty:  ğŸ”´ Senior
â“  QA: ""What's the difference between ContentControl and ContentPresenter?""

Or Check ANSWER ğŸ‘‰ https://t.co/pYhiLla6te

#100DaysOfCode #DEVCommunity #CodeNewbie #freeCodeCamp",2,1,2022-05-29 12:00:00+00:00
59,FullStack_Cafe,"Can You Answer this #Coding #Interview Question? ğŸ¤”

âš¡ï¸  Topic: #softwaretesting
â­ï¸  Difficulty:  ğŸŸ¡ Mid
â“  QA: ""Explain the purpose of Scalability testing""

Or Check ANSWER ğŸ‘‰ https://t.co/FiUs9hsjyr

#100DaysOfCode #DEVCommunity #CodeNewbie #freeCodeCamp",2,3,2022-05-24 06:00:00+00:00
60,FullStack_Cafe,"Can You Answer this #Coding #Interview Question? ğŸ¤”

âš¡ï¸  Topic: #ios
â­ï¸  Difficulty:  ğŸŸ¡ Mid
â“  QA: ""What's the difference between the `frame` and the `bounds`?""

Or Check ANSWER ğŸ‘‰ https://t.co/T7GC0CizJL

#100DaysOfCode #DEVCommunity #CodeNewbie #freeCodeCamp",2,4,2022-05-23 06:00:00+00:00
61,FullStack_Cafe,"Can You Answer this #Coding #Interview Question? ğŸ¤”

âš¡ï¸  Topic: #oop
â­ï¸  Difficulty:  ğŸŸ¢ Junior
â“  QA: ""What is the difference between a `class` and a `structure`?""

Or Check ANSWER ğŸ‘‰ https://t.co/8I4nBv6DvF

#100DaysOfCode #DEVCommunity #CodeNewbie #freeCodeCamp",2,3,2022-05-11 18:00:00+00:00
62,FullStack_Cafe,"Can You Answer this #Coding #Interview Question? ğŸ¤”

âš¡ï¸  Topic: #python
â­ï¸  Difficulty:  ğŸ”´ Senior
â“  QA: ""What is _GIL_?""

Or Check ANSWER ğŸ‘‰ https://t.co/nnZxb1giiy

#100DaysOfCode #DEVCommunity #CodeNewbie #freeCodeCamp",2,5,2022-05-10 18:00:00+00:00
63,FullStack_Cafe,"Can You Answer this #Coding #Interview Question? ğŸ¤”

âš¡ï¸  Topic: #objective-c
â­ï¸  Difficulty:  ğŸŸ£ Expert
â“  QA: ""Explain _method swizzling_. When you would use it?""

Or Check ANSWER ğŸ‘‰ https://t.co/WXK7erbJpa

#100DaysOfCode #DEVCommunity #CodeNewbie #freeCodeCamp",2,3,2022-05-09 18:00:00+00:00
64,FullStack_Cafe,"Can You Answer this #Coding #Interview Question? ğŸ¤”

âš¡ï¸  Topic: #fibonacciseries
â­ï¸  Difficulty:  ğŸŸ¡ Mid
â“  QA: ""Display `startNumber` to `endNumber` only from Fibonacci Sequence""

Or Check ANSWER ğŸ‘‰ https://t.co/02OMewvEkF

#100DaysOfCode #DEVCommunity #CodeNewbie #freeCodeCamp",6,3,2022-05-03 06:00:00+00:00
65,FullStack_Cafe,"Can You Answer this #Coding #Interview Question? ğŸ¤”

âš¡ï¸  Topic: #angular
â­ï¸  Difficulty:  ğŸ”´ Senior
â“  QA: ""Why would you use _lazy loading_ modules in Angular app?""

Or Check ANSWER ğŸ‘‰ https://t.co/WPg8pUQR8g

#100DaysOfCode #DEVCommunity #CodeNewbie #freeCodeCamp",3,4,2022-04-20 12:00:00+00:00
66,FullStack_Cafe,"Can You Answer this #Coding #Interview Question? ğŸ¤”

âš¡ï¸  Topic: #netcore
â­ï¸  Difficulty:  ğŸ”´ Senior
â“  QA: ""What is the difference between CIL and MSIL (IL)?""

Or Check ANSWER ğŸ‘‰ https://t.co/v1WRK4mxxB

#100DaysOfCode #DEVCommunity #CodeNewbie #freeCodeCamp",2,4,2022-04-19 12:00:00+00:00
67,FullStack_Cafe,"Can You Answer this #Coding #Interview Question? ğŸ¤”

âš¡ï¸  Topic: #cryptography
â­ï¸  Difficulty:  ğŸŸ¡ Mid
â“  QA: ""What are the differences between MD5, SHA and RSA?""

Or Check ANSWER ğŸ‘‰ https://t.co/7T2JDwnuco

#100DaysOfCode #DEVCommunity #CodeNewbie #freeCodeCamp",1,2,2022-04-07 06:00:00+00:00
68,FullStack_Cafe,"Can You Answer this #Coding #Interview Question? ğŸ¤”

âš¡ï¸  Topic: #golang
â­ï¸  Difficulty:  ğŸ”´ Senior
â“  QA: ""What is the idiomatic Go equivalent of C's _ternary operator_?""

Or Check ANSWER ğŸ‘‰ https://t.co/dP8CIPgNMa

#100DaysOfCode #DEVCommunity #CodeNewbie #freeCodeCamp",4,1,2022-04-05 06:00:00+00:00
69,FullStack_Cafe,"Can You Answer this #Coding #Interview Question? ğŸ¤”

âš¡ï¸  Topic: #pwa
â­ï¸  Difficulty:  ğŸ”´ Senior
â“  QA: ""How to update a service worker?""

Or Check ANSWER ğŸ‘‰ https://t.co/j8nQTtCsZA

#100DaysOfCode #DEVCommunity #CodeNewbie #freeCodeCamp",3,2,2022-03-31 06:00:00+00:00
70,FullStack_Cafe,"Can You Answer this #Coding #Interview Question? ğŸ¤”

âš¡ï¸  Topic: #swift
â­ï¸  Difficulty:  ğŸŸ¡ Mid
â“  QA: ""How to _sort_ array of custom objects by property value in Swift?""

Or Check ANSWER ğŸ‘‰ https://t.co/7H5cyQArId

#100DaysOfCode #DEVCommunity #CodeNewbie #freeCodeCamp",5,5,2022-03-22 00:00:00+00:00
71,FullStack_Cafe,"Can You Answer this #Coding #Interview Question? ğŸ¤”

âš¡ï¸  Topic: #typescript
â­ï¸  Difficulty:  ğŸŸ¡ Mid
â“  QA: ""How TypeScript is _optionally_ statically typed language?""

Or Check ANSWER ğŸ‘‰ https://t.co/mm76zlhTxN

#100DaysOfCode #DEVCommunity #CodeNewbie #freeCodeCamp",5,6,2022-03-21 00:00:00+00:00
72,FullStack_Cafe,"Can You Answer this #Coding #Interview Question? ğŸ¤”

âš¡ï¸  Topic: #linkedlists
â­ï¸  Difficulty:  ğŸŸ¢ Junior
â“  QA: ""Name some disadvantages of Linked Lists?""

Or Check ANSWER ğŸ‘‰ https://t.co/1jbEpGglKk

#100DaysOfCode #DEVCommunity #CodeNewbie #freeCodeCamp",3,1,2022-03-16 06:00:00+00:00
73,FullStack_Cafe,"Can You Answer this #Coding #Interview Question? ğŸ¤”

âš¡ï¸  Topic: #kotlin
â­ï¸  Difficulty:  ğŸŸ¢ Junior
â“  QA: ""What is a _data class_ in Kotlin?""

Or Check ANSWER ğŸ‘‰ https://t.co/7juSehEghr

#100DaysOfCode #DEVCommunity #CodeNewbie #freeCodeCamp",4,4,2022-03-15 06:00:00+00:00
74,FullStack_Cafe,"Can You Answer this #Coding #Interview Question? ğŸ¤”

âš¡ï¸  Topic: #uxdesign
â­ï¸  Difficulty:  ğŸŸ£ Expert
â“  QA: ""What criteria are used to measure usability?""

Or Check ANSWER ğŸ‘‰ https://t.co/LQTZlGkzpG

#100DaysOfCode #DEVCommunity #CodeNewbie #freeCodeCamp",4,4,2022-03-13 12:00:00+00:00
75,FullStack_Cafe,"Can You Answer this #Coding #Interview Question? ğŸ¤”

âš¡ï¸  Topic: #typescript
â­ï¸  Difficulty:  âšª Entry
â“  QA: ""What are _Modules_ in Typescript?""

Or Check ANSWER ğŸ‘‰ https://t.co/mm76zlhTxN

#100DaysOfCode #DEVCommunity #CodeNewbie #freeCodeCamp",6,5,2022-03-13 06:00:00+00:00
76,FullStack_Cafe,"Can You Answer this #Coding #Interview Question? ğŸ¤”

âš¡ï¸  Topic: #kotlin
â­ï¸  Difficulty:  ğŸŸ¡ Mid
â“  QA: ""Explain advantages of `when` vs `switch` in Kotlin""

Or Check ANSWER ğŸ‘‰ https://t.co/7juSehEghr

#100DaysOfCode #DEVCommunity #CodeNewbie #freeCodeCamp",6,4,2022-02-27 00:00:00+00:00
77,FullStack_Cafe,"Can You Answer this #Coding #Interview Question? ğŸ¤”

âš¡ï¸  Topic: #netcore
â­ï¸  Difficulty:  âšª Entry
â“  QA: ""What is .NET Core?""

Or Check ANSWER ğŸ‘‰ https://t.co/v1WRK4mxxB

#100DaysOfCode #DEVCommunity #CodeNewbie #freeCodeCamp",4,8,2022-02-26 00:00:00+00:00
78,FullStack_Cafe,"Can You Answer this #Coding #Interview Question? ğŸ¤”

âš¡ï¸  Topic: #kotlin
â­ï¸  Difficulty:  ğŸŸ£ Expert
â“  QA: ""How does the `reified` keyword in Kotlin work?""

Or Check ANSWER ğŸ‘‰ https://t.co/7juSehEghr

#100DaysOfCode #DEVCommunity #CodeNewbie #freeCodeCamp",1,1,2022-02-20 18:00:00+00:00
79,FullStack_Cafe,"Can You Answer this #Coding #Interview Question? ğŸ¤”

âš¡ï¸  Topic: #c#
â­ï¸  Difficulty:  ğŸ”´ Senior
â“  QA: ""Is relying on &amp;&amp; short-circuiting safe in .NET?""

Or Check ANSWER ğŸ‘‰ https://t.co/nSgO8aRTA1

#100DaysOfCode #DEVCommunity #CodeNewbie #freeCodeCamp",0,1,2022-02-19 18:00:00+00:00
80,FullStack_Cafe,"Can You Answer this #Coding #Interview Question? ğŸ¤”

âš¡ï¸  Topic: #docker
â­ï¸  Difficulty:  ğŸŸ¡ Mid
â“  QA: ""What is Docker Swarm?""

Or Check ANSWER ğŸ‘‰ https://t.co/vTM7CGIKr6

#100DaysOfCode #DEVCommunity #CodeNewbie #freeCodeCamp",2,3,2022-02-18 18:00:00+00:00
81,FullStack_Cafe,"Can You Answer this #Coding #Interview Question? ğŸ¤”

âš¡ï¸  Topic: #concurrency
â­ï¸  Difficulty:  ğŸŸ¡ Mid
â“  QA: ""How much work should I place inside a lock statement?""

Or Check ANSWER ğŸ‘‰ https://t.co/y2XN0iKV0m

#100DaysOfCode #DEVCommunity #CodeNewbie #freeCodeCamp",3,2,2022-02-15 18:00:00+00:00
82,FullStack_Cafe,"Can You Answer this #Coding #Interview Question? ğŸ¤”

âš¡ï¸  Topic: #ionic
â­ï¸  Difficulty:  ğŸŸ¢ Junior
â“  QA: ""How do you pass data from one view to another in Ionic applications?""

Or Check ANSWER ğŸ‘‰ https://t.co/uV1kbL2p3A

#100DaysOfCode #DEVCommunity #CodeNewbie #freeCodeCamp",7,5,2022-02-09 12:00:00+00:00
83,FullStack_Cafe,"Can You Answer this #Coding #Interview Question? ğŸ¤”

âš¡ï¸  Topic: #netcore
â­ï¸  Difficulty:  ğŸŸ¢ Junior
â“  QA: ""What is the difference between .NET Core and Mono?""

Or Check ANSWER ğŸ‘‰ https://t.co/v1WRK4mxxB

#100DaysOfCode #DEVCommunity #CodeNewbie #freeCodeCamp",0,0,2022-01-31 12:00:00+00:00
84,FullStack_Cafe,"Can You Answer this #Coding #Interview Question? ğŸ¤”

âš¡ï¸  Topic: #java
â­ï¸  Difficulty:  ğŸŸ¡ Mid
â“  QA: ""What is the difference between an Applet and a Servlet?""

Or Check ANSWER ğŸ‘‰ https://t.co/t9kj6j4uYo

#100DaysOfCode #DEVCommunity #CodeNewbie #freeCodeCamp",1,1,2022-01-31 00:00:00+00:00
85,FullStack_Cafe,"Can You Answer this #Coding #Interview Question? ğŸ¤”

âš¡ï¸  Topic: #react
â­ï¸  Difficulty:  ğŸ”´ Senior
â“  QA: ""What is the purpose of `super(props)`?""

Or Check ANSWER ğŸ‘‰ https://t.co/cswI0rDFCn

#100DaysOfCode #DEVCommunity #CodeNewbie #freeCodeCamp",5,3,2022-01-30 18:00:00+00:00
86,FullStack_Cafe,"Can You Answer this #Coding #Interview Question? ğŸ¤”

âš¡ï¸  Topic: #c#
â­ï¸  Difficulty:  ğŸŸ£ Expert
â“  QA: ""What is the difference between _Lambdas_ and _Delegates_?""

Or Check ANSWER ğŸ‘‰ https://t.co/nSgO8aRTA1

#100DaysOfCode #DEVCommunity #CodeNewbie #freeCodeCamp",2,2,2022-01-30 12:00:00+00:00
87,FullStack_Cafe,"Can You Answer this #Coding #Interview Question? ğŸ¤”

âš¡ï¸  Topic: #kotlin
â­ï¸  Difficulty:  ğŸŸ£ Expert
â“  QA: ""How does the reified keyword in Kotlin work?""

Or Check ANSWER ğŸ‘‰ https://t.co/7juSehEghr

#100DaysOfCode #DEVCommunity #CodeNewbie #freeCodeCamp",1,0,2022-01-30 06:00:00+00:00
88,FullStack_Cafe,"Can You Answer this #Coding #Interview Question? ğŸ¤”

âš¡ï¸  Topic: #entityframework
â­ï¸  Difficulty:  ğŸŸ£ Expert
â“  QA: ""When would you use SaveChanges(false) + AcceptAllChanges()?""

Or Check ANSWER ğŸ‘‰ https://t.co/rzQ4IfEF7s

#100DaysOfCode #DEVCommunity #CodeNewbie #freeCodeCamp",0,1,2022-01-30 00:00:00+00:00
89,FullStack_Cafe,"Can You Answer this #Coding #Interview Question? ğŸ¤”

âš¡ï¸  Topic: #hashtables
â­ï¸  Difficulty:  ğŸ”´ Senior
â“  QA: ""What are some main advantages of Tries over Hash Tables""

Or Check ANSWER ğŸ‘‰ https://t.co/QDO6AzXTpH

#100DaysOfCode #DEVCommunity #CodeNewbie #freeCodeCamp",0,2,2022-01-29 18:00:00+00:00
90,FullStack_Cafe,"Can You Answer this #Coding #Interview Question? ğŸ¤”

âš¡ï¸  Topic: #redis
â­ï¸  Difficulty:  ğŸŸ£ Expert
â“  QA: ""How much faster is Redis than MongoDB?""

Or Check ANSWER ğŸ‘‰ https://t.co/aJ2EDeKymL

#100DaysOfCode #DEVCommunity #CodeNewbie #freeCodeCamp",1,0,2022-01-29 12:00:00+00:00
91,FullStack_Cafe,"Can You Answer this #Coding #Interview Question? ğŸ¤”

âš¡ï¸  Topic: #nodejs
â­ï¸  Difficulty:  ğŸŸ¢ Junior
â“  QA: "" List out the differences between AngularJS and NodeJS?""

Or Check ANSWER ğŸ‘‰ https://t.co/n9jk9ygXlk

#100DaysOfCode #DEVCommunity #CodeNewbie #freeCodeCamp",0,0,2022-01-29 06:00:00+00:00
92,FullStack_Cafe,"Can You Answer this #Coding #Interview Question? ğŸ¤”

âš¡ï¸  Topic: #react
â­ï¸  Difficulty:  ğŸŸ¡ Mid
â“  QA: ""What is children prop?""

Or Check ANSWER ğŸ‘‰ https://t.co/cswI0rDFCn

#100DaysOfCode #DEVCommunity #CodeNewbie #freeCodeCamp",2,0,2022-01-28 18:00:00+00:00
93,FullStack_Cafe,"Can You Answer this #Coding #Interview Question? ğŸ¤”

âš¡ï¸  Topic: #php
â­ï¸  Difficulty:  ğŸŸ¡ Mid
â“  QA: ""Let's create Enumerations for PHP. Prove some code examples.""

Or Check ANSWER ğŸ‘‰ https://t.co/CRB8CkQ8VB

#100DaysOfCode #DEVCommunity #CodeNewbie #freeCodeCamp",0,0,2022-01-28 12:00:00+00:00
94,FullStack_Cafe,"Can You Answer this #Coding #Interview Question? ğŸ¤”

âš¡ï¸  Topic: #oop
â­ï¸  Difficulty:  ğŸŸ£ Expert
â“  QA: ""What is the difference between a mixin and inheritance?""

Or Check ANSWER ğŸ‘‰ https://t.co/8I4nBv6DvF

#100DaysOfCode #DEVCommunity #CodeNewbie #freeCodeCamp",1,1,2022-01-28 06:00:00+00:00
95,FullStack_Cafe,"Can You Answer this #Coding #Interview Question? ğŸ¤”

âš¡ï¸  Topic: #c#
â­ï¸  Difficulty:  ğŸŸ£ Expert
â“  QA: ""Implement the `Where` method in C#. Explain.""

Or Check ANSWER ğŸ‘‰ https://t.co/nSgO8aRTA1

#100DaysOfCode #DEVCommunity #CodeNewbie #freeCodeCamp",2,1,2022-01-28 00:00:00+00:00
96,FullStack_Cafe,"Can You Answer this #Coding #Interview Question? ğŸ¤”

âš¡ï¸  Topic: #ruby
â­ï¸  Difficulty:  ğŸ”´ Senior
â“  QA: ""Why doesn't Ruby support method overloading?""

Or Check ANSWER ğŸ‘‰ https://t.co/djDQic1doE

#100DaysOfCode #DEVCommunity #CodeNewbie #freeCodeCamp",0,0,2022-01-27 18:00:00+00:00
97,FullStack_Cafe,"Can You Answer this #Coding #Interview Question? ğŸ¤”

âš¡ï¸  Topic: #agile&amp; scrum
â­ï¸  Difficulty:  ğŸŸ¡ Mid
â“  QA: ""What are some methodologies used to implement Agile?""

Or Check ANSWER ğŸ‘‰ https://t.co/eCzbvz3iJs

#100DaysOfCode #DEVCommunity #CodeNewbie #freeCodeCamp",0,1,2022-01-27 12:00:00+00:00
98,FullStack_Cafe,"Can You Answer this #Coding #Interview Question? ğŸ¤”

âš¡ï¸  Topic: #cryptography
â­ï¸  Difficulty:  ğŸŸ¡ Mid
â“  QA: ""Why not use symmetric encryption?""

Or Check ANSWER ğŸ‘‰ https://t.co/7T2JDwnuco

#100DaysOfCode #DEVCommunity #CodeNewbie #freeCodeCamp",1,0,2022-01-27 06:00:00+00:00
99,FullStack_Cafe,"Can You Answer this #Coding #Interview Question? ğŸ¤”

âš¡ï¸  Topic: #c#
â­ï¸  Difficulty:  ğŸŸ¡ Mid
â“  QA: ""What is `sealed` Class in C#?""

Or Check ANSWER ğŸ‘‰ https://t.co/nSgO8aRTA1

#100DaysOfCode #DEVCommunity #CodeNewbie #freeCodeCamp",1,1,2022-01-27 00:00:00+00:00
100,FullStack_Cafe,"Can You Answer this #Coding #Interview Question? ğŸ¤”

âš¡ï¸  Topic: #android
â­ï¸  Difficulty:  ğŸ”´ Senior
â“  QA: ""What are some best practices to avoid _memory leaks_ on Android?""

Or Check ANSWER ğŸ‘‰ https://t.co/86xonvMxF9

#100DaysOfCode #DEVCommunity #CodeNewbie #freeCodeCamp",0,1,2022-01-26 18:00:00+00:00
101,FullStack_Cafe,"Can You Answer this #Coding #Interview Question? ğŸ¤”

âš¡ï¸  Topic: #laravel
â­ï¸  Difficulty:  ğŸŸ¢ Junior
â“  QA: ""Why are migrations necessary?""

Or Check ANSWER ğŸ‘‰ https://t.co/aPDmrUvBvU

#100DaysOfCode #DEVCommunity #CodeNewbie #freeCodeCamp",0,0,2022-01-26 12:00:00+00:00
102,FullStack_Cafe,"Can You Answer this #Coding #Interview Question? ğŸ¤”

âš¡ï¸  Topic: #strings
â­ï¸  Difficulty:  ğŸ”´ Senior
â“  QA: ""What is Rope Data Structure is used for?""

Or Check ANSWER ğŸ‘‰ https://t.co/cO2OOgsRqE

#100DaysOfCode #DEVCommunity #CodeNewbie #freeCodeCamp",2,3,2022-01-26 06:00:00+00:00
103,FullStack_Cafe,"Can You Answer this #Coding #Interview Question? ğŸ¤”

âš¡ï¸  Topic: #uxdesign
â­ï¸  Difficulty:  ğŸŸ¢ Junior
â“  QA: ""What are the disadvantages of rapid prototyping?""

Or Check ANSWER ğŸ‘‰ https://t.co/LQTZlGkzpG

#100DaysOfCode #DEVCommunity #CodeNewbie #freeCodeCamp",0,0,2022-01-26 00:00:00+00:00
104,FullStack_Cafe,"Can You Answer this #Coding #Interview Question? ğŸ¤”

âš¡ï¸  Topic: #netcore
â­ï¸  Difficulty:  ğŸŸ¡ Mid
â“  QA: ""What's the difference between .NET Core, .NET Framework, and Xamarin?""

Or Check ANSWER ğŸ‘‰ https://t.co/v1WRK4mxxB

#100DaysOfCode #DEVCommunity #CodeNewbie #freeCodeCamp",0,0,2022-01-25 18:00:00+00:00
105,FullStack_Cafe,"Can You Answer this #Coding #Interview Question? ğŸ¤”

âš¡ï¸  Topic: #wpf
â­ï¸  Difficulty:  ğŸŸ¡ Mid
â“  QA: ""ListBox vs. ListView - what and when to choose for data binding?""

Or Check ANSWER ğŸ‘‰ https://t.co/pYhiLla6te

#100DaysOfCode #DEVCommunity #CodeNewbie #freeCodeCamp",1,0,2022-01-25 12:00:00+00:00
106,FullStack_Cafe,"Can You Answer this #Coding #Interview Question? ğŸ¤”

âš¡ï¸  Topic: #nodejs
â­ï¸  Difficulty:  ğŸŸ¡ Mid
â“  QA: ""What is _Stream_ and what are types of Streams available in Node.js?""

Or Check ANSWER ğŸ‘‰ https://t.co/n9jk9ygXlk

#100DaysOfCode #DEVCommunity #CodeNewbie #freeCodeCamp",1,0,2022-01-25 06:00:00+00:00
107,FullStack_Cafe,"Can You Answer this #Coding #Interview Question? ğŸ¤”

âš¡ï¸  Topic: #entityframework
â­ï¸  Difficulty:  ğŸ”´ Senior
â“  QA: ""When would you use EF6 vs EF Core?""

Or Check ANSWER ğŸ‘‰ https://t.co/rzQ4IfEF7s

#100DaysOfCode #DEVCommunity #CodeNewbie #freeCodeCamp",1,1,2022-01-24 06:00:00+00:00
108,FullStack_Cafe,"Can You Answer this #Coding #Interview Question? ğŸ¤”

âš¡ï¸  Topic: #redux
â­ï¸  Difficulty:  ğŸŸ¢ Junior
â“  QA: ""How to add multiple middlewares to Redux?""

Or Check ANSWER ğŸ‘‰ https://t.co/PXCz8mBytB

#100DaysOfCode #DEVCommunity #CodeNewbie #freeCodeCamp",0,0,2022-01-24 00:00:00+00:00
109,FullStack_Cafe,"Can You Answer this #Coding #Interview Question? ğŸ¤”

âš¡ï¸  Topic: #graphtheory
â­ï¸  Difficulty:  âšª Entry
â“  QA: ""What is a Graph?""

Or Check ANSWER ğŸ‘‰ https://t.co/O3q0K0yPsM

#100DaysOfCode #DEVCommunity #CodeNewbie #freeCodeCamp",0,0,2022-01-23 18:00:00+00:00
110,FullStack_Cafe,"Can You Answer this #Coding #Interview Question? ğŸ¤”

âš¡ï¸  Topic: #python
â­ï¸  Difficulty:  ğŸŸ¡ Mid
â“  QA: ""Explain the `UnboundLocalError` exception and how to avoid it?""

Or Check ANSWER ğŸ‘‰ https://t.co/nnZxb1giiy

#100DaysOfCode #DEVCommunity #CodeNewbie #freeCodeCamp",2,2,2022-01-23 12:00:00+00:00
111,FullStack_Cafe,"Can You Answer this #Coding #Interview Question? ğŸ¤”

âš¡ï¸  Topic: #angular
â­ï¸  Difficulty:  ğŸŸ£ Expert
â“  QA: ""What is the Angular equivalent to an AngularJS `$watch`?""

Or Check ANSWER ğŸ‘‰ https://t.co/WPg8pUQR8g

#100DaysOfCode #DEVCommunity #CodeNewbie #freeCodeCamp",3,6,2022-01-23 06:00:00+00:00
112,FullStack_Cafe,"Can You Answer this #Coding #Interview Question? ğŸ¤”

âš¡ï¸  Topic: #softwarearchitecture
â­ï¸  Difficulty:  ğŸŸ¢ Junior
â“  QA: ""What is meant by the KISS principle?""

Or Check ANSWER ğŸ‘‰ https://t.co/NKXKXEN71A

#100DaysOfCode #DEVCommunity #CodeNewbie #freeCodeCamp",1,2,2022-01-23 00:00:00+00:00
113,FullStack_Cafe,"Can You Answer this #Coding #Interview Question? ğŸ¤”

âš¡ï¸  Topic: #wpf
â­ï¸  Difficulty:  ğŸŸ¡ Mid
â“  QA: ""What is Freezable Object?""

Or Check ANSWER ğŸ‘‰ https://t.co/pYhiLla6te

#100DaysOfCode #DEVCommunity #CodeNewbie #freeCodeCamp",0,1,2022-01-22 18:00:00+00:00
114,FullStack_Cafe,"Can You Answer this #Coding #Interview Question? ğŸ¤”

âš¡ï¸  Topic: #android
â­ï¸  Difficulty:  ğŸŸ¡ Mid
â“  QA: ""What is an Android `PendingIntent`?""

Or Check ANSWER ğŸ‘‰ https://t.co/86xonvMxF9

#100DaysOfCode #DEVCommunity #CodeNewbie #freeCodeCamp",0,0,2022-01-22 12:00:00+00:00
115,FullStack_Cafe,"Can You Answer this #Coding #Interview Question? ğŸ¤”

âš¡ï¸  Topic: #reactnative
â­ï¸  Difficulty:  ğŸŸ¢ Junior
â“  QA: ""When would you use ScrollView over FlatList or vice-versa?""

Or Check ANSWER ğŸ‘‰ https://t.co/k8WGCJR2wx

#100DaysOfCode #DEVCommunity #CodeNewbie #freeCodeCamp",2,1,2022-01-22 06:00:00+00:00
116,FullStack_Cafe,"Can You Answer this #Coding #Interview Question? ğŸ¤”

âš¡ï¸  Topic: #react
â­ï¸  Difficulty:  ğŸŸ£ Expert
â“  QA: ""What is React Fiber?""

Or Check ANSWER ğŸ‘‰ https://t.co/cswI0rDFCn

#100DaysOfCode #DEVCommunity #CodeNewbie #freeCodeCamp",2,0,2022-01-21 06:00:00+00:00
117,FullStack_Cafe,"Can You Answer this #Coding #Interview Question? ğŸ¤”

âš¡ï¸  Topic: #hashtables
â­ï¸  Difficulty:  ğŸ”´ Senior
â“  QA: ""Is it possible to decrypt MD5 hashes? Explain.""

Or Check ANSWER ğŸ‘‰ https://t.co/QDO6AzXTpH

#100DaysOfCode #DEVCommunity #CodeNewbie #freeCodeCamp",0,0,2022-01-20 06:00:00+00:00
118,FullStack_Cafe,"Can You Answer this #Coding #Interview Question? ğŸ¤”

âš¡ï¸  Topic: #mongodb
â­ï¸  Difficulty:  ğŸŸ¡ Mid
â“  QA: ""What is the difference b/w MongoDB and CouchDB?""

Or Check ANSWER ğŸ‘‰ https://t.co/K7krBPDlIL

#100DaysOfCode #DEVCommunity #CodeNewbie #freeCodeCamp",0,0,2022-01-18 00:00:00+00:00
119,FullStack_Cafe,"Can You Answer this #Coding #Interview Question? ğŸ¤”

âš¡ï¸  Topic: #nodejs
â­ï¸  Difficulty:  ğŸ”´ Senior
â“  QA: ""How the V8 engine works?""

Or Check ANSWER ğŸ‘‰ https://t.co/n9jk9ygXlk

#100DaysOfCode #DEVCommunity #CodeNewbie #freeCodeCamp",0,0,2022-01-17 18:00:00+00:00
120,FullStack_Cafe,"Can You Answer this #Coding #Interview Question? ğŸ¤”

âš¡ï¸  Topic: #golang
â­ï¸  Difficulty:  ğŸ”´ Senior
â“  QA: ""What is $GOROOT and $GOPATH?""

Or Check ANSWER ğŸ‘‰ https://t.co/dP8CIPgNMa

#100DaysOfCode #DEVCommunity #CodeNewbie #freeCodeCamp",0,0,2022-01-17 12:00:00+00:00
121,FullStack_Cafe,"Can You Answer this #Coding #Interview Question? ğŸ¤”

âš¡ï¸  Topic: #android
â­ï¸  Difficulty:  ğŸ”´ Senior
â“  QA: ""What are some differences between _ART_ and _Dalvik_?""

Or Check ANSWER ğŸ‘‰ https://t.co/86xonvMxF9

#100DaysOfCode #DEVCommunity #CodeNewbie #freeCodeCamp",0,0,2022-01-17 06:00:00+00:00
122,FullStack_Cafe,"Can You Answer this #Coding #Interview Question? ğŸ¤”

âš¡ï¸  Topic: #rubyon rails
â­ï¸  Difficulty:  âšª Entry
â“  QA: ""Explain what is rake in Rails?""

Or Check ANSWER ğŸ‘‰ https://t.co/V9qAAJhx4F

#100DaysOfCode #DEVCommunity #CodeNewbie #freeCodeCamp",0,1,2022-01-17 00:00:00+00:00
123,FullStack_Cafe,"Can You Answer this #Coding #Interview Question? ğŸ¤”

âš¡ï¸  Topic: #swift
â­ï¸  Difficulty:  ğŸ”´ Senior
â“  QA: ""What is the `autoclosure` attribute and when to use it?""

Or Check ANSWER ğŸ‘‰ https://t.co/7H5cyQArId

#100DaysOfCode #DEVCommunity #CodeNewbie #freeCodeCamp",2,1,2022-01-16 00:00:00+00:00
124,FullStack_Cafe,"Can You Answer this #Coding #Interview Question? ğŸ¤”

âš¡ï¸  Topic: #python
â­ï¸  Difficulty:  ğŸŸ¡ Mid
â“  QA: ""How to make a _flat list out of list of lists_?""

Or Check ANSWER ğŸ‘‰ https://t.co/nnZxb1giiy

#100DaysOfCode #DEVCommunity #CodeNewbie #freeCodeCamp",0,2,2022-01-15 18:00:00+00:00
125,FullStack_Cafe,"Can You Answer this #Coding #Interview Question? ğŸ¤”

âš¡ï¸  Topic: #websecurity
â­ï¸  Difficulty:  ğŸ”´ Senior
â“  QA: ""What is a Bug Bounty?""

Or Check ANSWER ğŸ‘‰ https://t.co/KSewsuHa35

#100DaysOfCode #DEVCommunity #CodeNewbie #freeCodeCamp",0,0,2022-01-15 12:00:00+00:00
126,FullStack_Cafe,"Can You Answer this #Coding #Interview Question? ğŸ¤”

âš¡ï¸  Topic: #laravel
â­ï¸  Difficulty:  ğŸŸ¡ Mid
â“  QA: ""How do you generate migrations?""

Or Check ANSWER ğŸ‘‰ https://t.co/aPDmrUvBvU

#100DaysOfCode #DEVCommunity #CodeNewbie #freeCodeCamp",1,0,2022-01-15 06:00:00+00:00
127,FullStack_Cafe,"Can You Answer this #Coding #Interview Question? ğŸ¤”

âš¡ï¸  Topic: #ios
â­ï¸  Difficulty:  ğŸŸ¡ Mid
â“  QA: ""What's the difference between the `frame` and the `bounds`?""

Or Check ANSWER ğŸ‘‰ https://t.co/T7GC0CizJL

#100DaysOfCode #DEVCommunity #CodeNewbie #freeCodeCamp",1,0,2022-01-15 00:00:00+00:00
128,FullStack_Cafe,"Can You Answer this #Coding #Interview Question? ğŸ¤”

âš¡ï¸  Topic: #softwaretesting
â­ï¸  Difficulty:  ğŸŸ¡ Mid
â“  QA: ""Explain the purpose of Scalability testing""

Or Check ANSWER ğŸ‘‰ https://t.co/FiUs9hsjyr

#100DaysOfCode #DEVCommunity #CodeNewbie #freeCodeCamp",2,0,2022-01-14 00:00:00+00:00
129,FullStack_Cafe,"Can You Answer this #Coding #Interview Question? ğŸ¤”

âš¡ï¸  Topic: #ionic
â­ï¸  Difficulty:  ğŸŸ£ Expert
â“  QA: ""What AOT and JIT and which is used by Ionic?""

Or Check ANSWER ğŸ‘‰ https://t.co/uV1kbL2p3A

#100DaysOfCode #DEVCommunity #CodeNewbie #freeCodeCamp",1,1,2022-01-13 18:00:00+00:00
130,FullStack_Cafe,"Can You Answer this #Coding #Interview Question? ğŸ¤”

âš¡ï¸  Topic: #angularjs
â­ï¸  Difficulty:  ğŸ”´ Senior
â“  QA: ""What makes the `angular.copy()` method so powerful?""

Or Check ANSWER ğŸ‘‰ https://t.co/VVJ4K3Pfdi

#100DaysOfCode #DEVCommunity #CodeNewbie #freeCodeCamp",3,0,2022-01-13 12:00:00+00:00
131,FullStack_Cafe,"Can You Answer this #Coding #Interview Question? ğŸ¤”

âš¡ï¸  Topic: #uxdesign
â­ï¸  Difficulty:  ğŸ”´ Senior
â“  QA: ""What do designers learn from making a prototype""

Or Check ANSWER ğŸ‘‰ https://t.co/LQTZlGkzpG

#100DaysOfCode #DEVCommunity #CodeNewbie #freeCodeCamp",0,0,2022-01-13 06:00:00+00:00
132,FullStack_Cafe,"Can You Answer this #Coding #Interview Question? ğŸ¤”

âš¡ï¸  Topic: #graphtheory
â­ï¸  Difficulty:  ğŸŸ¡ Mid
â“  QA: ""Explain what is `A*` Search?""

Or Check ANSWER ğŸ‘‰ https://t.co/O3q0K0yPsM

#100DaysOfCode #DEVCommunity #CodeNewbie #freeCodeCamp",0,0,2022-01-13 00:00:00+00:00
133,FullStack_Cafe,"Can You Answer this #Coding #Interview Question? ğŸ¤”

âš¡ï¸  Topic: #kotlin
â­ï¸  Difficulty:  ğŸŸ¡ Mid
â“  QA: ""When to use lateinit over lazy initialization in Kotlin?""

Or Check ANSWER ğŸ‘‰ https://t.co/7juSehEghr

#100DaysOfCode #DEVCommunity #CodeNewbie #freeCodeCamp",2,0,2022-01-12 12:00:00+00:00
134,FullStack_Cafe,"Can You Answer this #Coding #Interview Question? ğŸ¤”

âš¡ï¸  Topic: #flutter
â­ï¸  Difficulty:  ğŸ”´ Senior
â“  QA: ""Why should you use kReleaseMode instead of assert?""

Or Check ANSWER ğŸ‘‰ https://t.co/sfBshM0cGD

#100DaysOfCode #DEVCommunity #CodeNewbie #freeCodeCamp",2,2,2022-01-12 06:00:00+00:00
135,FullStack_Cafe,"Can You Answer this #Coding #Interview Question? ğŸ¤”

âš¡ï¸  Topic: #linkedlists
â­ï¸  Difficulty:  ğŸŸ¢ Junior
â“  QA: ""How to reverse a singly Linked List using only two pointers?""

Or Check ANSWER ğŸ‘‰ https://t.co/1jbEpGglKk

#100DaysOfCode #DEVCommunity #CodeNewbie #freeCodeCamp",0,0,2022-01-12 00:00:00+00:00
136,FullStack_Cafe,"Can You Answer this #Coding #Interview Question? ğŸ¤”

âš¡ï¸  Topic: #laravel
â­ï¸  Difficulty:  ğŸŸ¡ Mid
â“  QA: ""What is reverse routing in Laravel?""

Or Check ANSWER ğŸ‘‰ https://t.co/aPDmrUvBvU

#100DaysOfCode #DEVCommunity #CodeNewbie #freeCodeCamp",1,1,2022-01-11 18:00:00+00:00
137,FullStack_Cafe,"Can You Answer this #Coding #Interview Question? ğŸ¤”

âš¡ï¸  Topic: #binarytree
â­ï¸  Difficulty:  ğŸ”´ Senior
â“  QA: ""Explain how to balance AVL Tree?""

Or Check ANSWER ğŸ‘‰ https://t.co/cI65PsvBSq

#100DaysOfCode #DEVCommunity #CodeNewbie #freeCodeCamp",0,0,2022-01-11 12:00:00+00:00
138,FullStack_Cafe,"Can You Answer this #Coding #Interview Question? ğŸ¤”

âš¡ï¸  Topic: #oop
â­ï¸  Difficulty:  ğŸŸ¡ Mid
â“  QA: ""Can you specify the accessibility modifier for methods inside the interface?""

Or Check ANSWER ğŸ‘‰ https://t.co/8I4nBv6DvF

#100DaysOfCode #DEVCommunity #CodeNewbie #freeCodeCamp",1,1,2022-01-11 06:00:00+00:00
139,FullStack_Cafe,"Can You Answer this #Coding #Interview Question? ğŸ¤”

âš¡ï¸  Topic: #javascript
â­ï¸  Difficulty:  ğŸ”´ Senior
â“  QA: ""Explain the Prototype Design Pattern""

Or Check ANSWER ğŸ‘‰ https://t.co/dCt4TY2Rdp

#100DaysOfCode #DEVCommunity #CodeNewbie #freeCodeCamp",0,3,2022-01-11 00:00:00+00:00
140,FullStack_Cafe,"Can You Answer this #Coding #Interview Question? ğŸ¤”

âš¡ï¸  Topic: #nodejs
â­ï¸  Difficulty:  ğŸ”´ Senior
â“  QA: ""Name some of the events fired by Streams""

Or Check ANSWER ğŸ‘‰ https://t.co/n9jk9ygXlk

#100DaysOfCode #DEVCommunity #CodeNewbie #freeCodeCamp",0,0,2022-01-10 12:00:00+00:00
141,FullStack_Cafe,"Can You Answer this #Coding #Interview Question? ğŸ¤”

âš¡ï¸  Topic: #ionic
â­ï¸  Difficulty:  ğŸŸ¡ Mid
â“  QA: ""What is Ionic Native?""

Or Check ANSWER ğŸ‘‰ https://t.co/uV1kbL2p3A

#100DaysOfCode #DEVCommunity #CodeNewbie #freeCodeCamp",2,0,2022-01-10 06:00:00+00:00
142,FullStack_Cafe,"Can You Answer this #Coding #Interview Question? ğŸ¤”

âš¡ï¸  Topic: #aspnetmvc
â­ï¸  Difficulty:  ğŸŸ¢ Junior
â“  QA: ""Explain `Bundle.Config` in MVC?""

Or Check ANSWER ğŸ‘‰ https://t.co/LyKx7nb7AN

#100DaysOfCode #DEVCommunity #CodeNewbie #freeCodeCamp",0,0,2022-01-10 00:00:00+00:00
143,FullStack_Cafe,"Can You Answer this #Coding #Interview Question? ğŸ¤”

âš¡ï¸  Topic: #xamarin
â­ï¸  Difficulty:  ğŸ”´ Senior
â“  QA: ""What is MessagingCenter?""

Or Check ANSWER ğŸ‘‰ https://t.co/7rDTi2Xqj6

#100DaysOfCode #DEVCommunity #CodeNewbie #freeCodeCamp",1,2,2022-01-09 06:00:00+00:00
144,FullStack_Cafe,"Can You Answer this #Coding #Interview Question? ğŸ¤”

âš¡ï¸  Topic: #c#
â­ï¸  Difficulty:  ğŸ”´ Senior
â“  QA: ""What is the difference between `is` and `as` operators in C#?""

Or Check ANSWER ğŸ‘‰ https://t.co/nSgO8aRTA1

#100DaysOfCode #DEVCommunity #CodeNewbie #freeCodeCamp",4,3,2022-01-09 00:00:00+00:00
145,FullStack_Cafe,"Can You Answer this #Coding #Interview Question? ğŸ¤”

âš¡ï¸  Topic: #c#
â­ï¸  Difficulty:  ğŸ”´ Senior
â“  QA: ""`IEnumerable` vs `List` - What to Use? How do they work?""

Or Check ANSWER ğŸ‘‰ https://t.co/nSgO8aRTA1

#100DaysOfCode #DEVCommunity #CodeNewbie #freeCodeCamp",2,2,2022-01-08 18:00:00+00:00
146,FullStack_Cafe,"Can You Answer this #Coding #Interview Question? ğŸ¤”

âš¡ï¸  Topic: #kubernetes
â­ï¸  Difficulty:  ğŸŸ£ Expert
â“  QA: ""How do I build a High Availability (HA) cluster?""

Or Check ANSWER ğŸ‘‰ https://t.co/NrtJZ2nqCw

#100DaysOfCode #DEVCommunity #CodeNewbie #freeCodeCamp",1,0,2022-01-08 12:00:00+00:00
147,FullStack_Cafe,"Can You Answer this #Coding #Interview Question? ğŸ¤”

âš¡ï¸  Topic: #graphtheory
â­ï¸  Difficulty:  ğŸ”´ Senior
â“  QA: ""Why is the complexity of DFS _`O(V+E)`_?""

Or Check ANSWER ğŸ‘‰ https://t.co/O3q0K0yPsM

#100DaysOfCode #DEVCommunity #CodeNewbie #freeCodeCamp",1,0,2022-01-08 06:00:00+00:00
148,FullStack_Cafe,"Can You Answer this #Coding #Interview Question? ğŸ¤”

âš¡ï¸  Topic: #arrays
â­ï¸  Difficulty:  âšª Entry
â“  QA: ""Explain what is an Array?""

Or Check ANSWER ğŸ‘‰ https://t.co/FejvK7AJhJ

#100DaysOfCode #DEVCommunity #CodeNewbie #freeCodeCamp",0,0,2022-01-08 00:00:00+00:00
149,FullStack_Cafe,"Can You Answer this #Coding #Interview Question? ğŸ¤”

âš¡ï¸  Topic: #softwaretesting
â­ï¸  Difficulty:  ğŸŸ¡ Mid
â“  QA: ""How would you unit test private methods?""

Or Check ANSWER ğŸ‘‰ https://t.co/FiUs9hsjyr

#100DaysOfCode #DEVCommunity #CodeNewbie #freeCodeCamp",2,0,2022-01-07 00:00:00+00:00
150,FullStack_Cafe,"Can You Answer this #Coding #Interview Question? ğŸ¤”

âš¡ï¸  Topic: #msmq
â­ï¸  Difficulty:  ğŸŸ¡ Mid
â“  QA: ""Name different types of Application Queues in MSMQ""

Or Check ANSWER ğŸ‘‰ https://t.co/nqGcPzEfet

#100DaysOfCode #DEVCommunity #CodeNewbie #freeCodeCamp",0,2,2022-01-06 18:00:00+00:00
151,FullStack_Cafe,"Can You Answer this #Coding #Interview Question? ğŸ¤”

âš¡ï¸  Topic: #java
â­ï¸  Difficulty:  ğŸ”´ Senior
â“  QA: ""Why is char[] preferred over String for passwords?""

Or Check ANSWER ğŸ‘‰ https://t.co/t9kj6j4uYo

#100DaysOfCode #DEVCommunity #CodeNewbie #freeCodeCamp",0,0,2022-01-06 12:00:00+00:00
152,FullStack_Cafe,"Can You Answer this #Coding #Interview Question? ğŸ¤”

âš¡ï¸  Topic: #fibonacciseries
â­ï¸  Difficulty:  ğŸŸ£ Expert
â“  QA: ""Generating Fibonacci Sequence using ES6 generator functions""

Or Check ANSWER ğŸ‘‰ https://t.co/02OMewvEkF

#100DaysOfCode #DEVCommunity #CodeNewbie #freeCodeCamp",2,0,2022-01-06 06:00:00+00:00
153,FullStack_Cafe,"Can You Answer this #Coding #Interview Question? ğŸ¤”

âš¡ï¸  Topic: #uxdesign
â­ï¸  Difficulty:  ğŸŸ£ Expert
â“  QA: ""What is the difference between a pilot and a prototype?""

Or Check ANSWER ğŸ‘‰ https://t.co/LQTZlGkzpG

#100DaysOfCode #DEVCommunity #CodeNewbie #freeCodeCamp",1,0,2022-01-06 00:00:00+00:00
154,FullStack_Cafe,"Can You Answer this #Coding #Interview Question? ğŸ¤”

âš¡ï¸  Topic: #objective-c
â­ï¸  Difficulty:  ğŸ”´ Senior
â“  QA: ""What happens when you invoke a method on a `nil` pointer?""

Or Check ANSWER ğŸ‘‰ https://t.co/WXK7erbJpa

#100DaysOfCode #DEVCommunity #CodeNewbie #freeCodeCamp",0,0,2022-01-05 18:00:00+00:00
155,FullStack_Cafe,"Can You Answer this #Coding #Interview Question? ğŸ¤”

âš¡ï¸  Topic: #ionic
â­ï¸  Difficulty:  ğŸŸ¡ Mid
â“  QA: ""What is the difference between PhoneGap, Cordova, and Ionic?""

Or Check ANSWER ğŸ‘‰ https://t.co/uV1kbL2p3A

#100DaysOfCode #DEVCommunity #CodeNewbie #freeCodeCamp",1,1,2022-01-05 12:00:00+00:00
156,FullStack_Cafe,"Can You Answer this #Coding #Interview Question? ğŸ¤”

âš¡ï¸  Topic: #hashtables
â­ï¸  Difficulty:  ğŸ”´ Senior
â“  QA: ""Is it possible to decrypt MD5 hashes? Explain.""

Or Check ANSWER ğŸ‘‰ https://t.co/QDO6AzXTpH

#100DaysOfCode #DEVCommunity #CodeNewbie #freeCodeCamp",0,1,2022-01-05 06:00:00+00:00
157,FullStack_Cafe,"Can You Answer this #Coding #Interview Question? ğŸ¤”

âš¡ï¸  Topic: #webpack
â­ï¸  Difficulty:  ğŸ”´ Senior
â“  QA: ""List some pitfalls of Webpack""

Or Check ANSWER ğŸ‘‰ https://t.co/TZBcAwNFBE

#100DaysOfCode #DEVCommunity #CodeNewbie #freeCodeCamp",0,0,2022-01-05 00:00:00+00:00
158,FullStack_Cafe,"Can You Answer this #Coding #Interview Question? ğŸ¤”

âš¡ï¸  Topic: #golang
â­ï¸  Difficulty:  ğŸŸ¡ Mid
â“  QA: ""Why would you prefer to use an empty struct{}?""

Or Check ANSWER ğŸ‘‰ https://t.co/dP8CIPgNMa

#100DaysOfCode #DEVCommunity #CodeNewbie #freeCodeCamp",1,1,2022-01-04 18:00:00+00:00
159,FullStack_Cafe,"Can You Answer this #Coding #Interview Question? ğŸ¤”

âš¡ï¸  Topic: #aspnetmvc
â­ï¸  Difficulty:  ğŸŸ¢ Junior
â“  QA: ""What is Razor Pages?""

Or Check ANSWER ğŸ‘‰ https://t.co/LyKx7nb7AN

#100DaysOfCode #DEVCommunity #CodeNewbie #freeCodeCamp",0,0,2022-01-04 12:00:00+00:00
160,FullStack_Cafe,"Can You Answer this #Coding #Interview Question? ğŸ¤”

âš¡ï¸  Topic: #webpack
â­ï¸  Difficulty:  ğŸ”´ Senior
â“  QA: ""What is Hot-Modules-Replacement?""

Or Check ANSWER ğŸ‘‰ https://t.co/TZBcAwNFBE

#100DaysOfCode #DEVCommunity #CodeNewbie #freeCodeCamp",0,2,2022-01-04 06:00:00+00:00
161,FullStack_Cafe,"Can You Answer this #Coding #Interview Question? ğŸ¤”

âš¡ï¸  Topic: #javascript
â­ï¸  Difficulty:  ğŸŸ¡ Mid
â“  QA: ""What's the difference between `.call` and `.apply`?""

Or Check ANSWER ğŸ‘‰ https://t.co/dCt4TY2Rdp

#100DaysOfCode #DEVCommunity #CodeNewbie #freeCodeCamp",0,0,2022-01-04 00:00:00+00:00
162,FullStack_Cafe,"Can You Answer this #Coding #Interview Question? ğŸ¤”

âš¡ï¸  Topic: #apidesign
â­ï¸  Difficulty:  ğŸŸ¡ Mid
â“  QA: ""Mention what is the difference between PUT and POST?""

Or Check ANSWER ğŸ‘‰ https://t.co/zYaYP9eUpJ

#100DaysOfCode #DEVCommunity #CodeNewbie #freeCodeCamp",3,2,2022-01-03 18:00:00+00:00
163,FullStack_Cafe,"Can You Answer this #Coding #Interview Question? ğŸ¤”

âš¡ï¸  Topic: #reactnative
â­ï¸  Difficulty:  ğŸŸ¡ Mid
â“  QA: ""How do you re-render a FlatList?""

Or Check ANSWER ğŸ‘‰ https://t.co/k8WGCJR2wx

#100DaysOfCode #DEVCommunity #CodeNewbie #freeCodeCamp",0,0,2022-01-03 12:00:00+00:00
164,FullStack_Cafe,"Can You Answer this #Coding #Interview Question? ğŸ¤”

âš¡ï¸  Topic: #uxdesign
â­ï¸  Difficulty:  ğŸŸ£ Expert
â“  QA: ""What is prototype testing?""

Or Check ANSWER ğŸ‘‰ https://t.co/LQTZlGkzpG

#100DaysOfCode #DEVCommunity #CodeNewbie #freeCodeCamp",3,0,2022-01-03 06:00:00+00:00
165,FullStack_Cafe,"Can You Answer this #Coding #Interview Question? ğŸ¤”

âš¡ï¸  Topic: #searching
â­ï¸  Difficulty:  ğŸŸ¡ Mid
â“  QA: ""What's wrong with this Recursive Binary Search function?""

Or Check ANSWER ğŸ‘‰ https://t.co/jAvqWnPVo2

#100DaysOfCode #DEVCommunity #CodeNewbie #freeCodeCamp",1,2,2022-01-03 00:00:00+00:00
166,FullStack_Cafe,"Can You Answer this #Coding #Interview Question? ğŸ¤”

âš¡ï¸  Topic: #stacks
â­ï¸  Difficulty:  ğŸ”´ Senior
â“  QA: ""How do I convert a Queue into the Stack?""

Or Check ANSWER ğŸ‘‰ https://t.co/QtoCahfdP0

#100DaysOfCode #DEVCommunity #CodeNewbie #freeCodeCamp",0,0,2022-01-02 18:00:00+00:00
167,FullStack_Cafe,"Can You Answer this #Coding #Interview Question? ğŸ¤”

âš¡ï¸  Topic: #divide&amp; conquer
â­ï¸  Difficulty:  ğŸ”´ Senior
â“  QA: ""Explain what is _Fibonacci Search_ technique?""

Or Check ANSWER ğŸ‘‰ https://t.co/oUoKI87vik

#100DaysOfCode #DEVCommunity #CodeNewbie #freeCodeCamp",2,3,2022-01-02 06:00:00+00:00
168,FullStack_Cafe,"Can You Answer this #Coding #Interview Question? ğŸ¤”

âš¡ï¸  Topic: #oop
â­ï¸  Difficulty:  ğŸ”´ Senior
â“  QA: ""Does .NET support multiple inheritance?""

Or Check ANSWER ğŸ‘‰ https://t.co/8I4nBv6DvF

#100DaysOfCode #DEVCommunity #CodeNewbie #freeCodeCamp",0,0,2022-01-02 00:00:00+00:00
169,FullStack_Cafe,"Can You Answer this #Coding #Interview Question? ğŸ¤”

âš¡ï¸  Topic: #html5
â­ï¸  Difficulty:  ğŸ”´ Senior
â“  QA: ""What is the purpose of 'main' element?""

Or Check ANSWER ğŸ‘‰ https://t.co/wQjMWAJ3MN

#100DaysOfCode #DEVCommunity #CodeNewbie #freeCodeCamp",1,0,2022-01-01 18:00:00+00:00
170,FullStack_Cafe,"Can You Answer this #Coding #Interview Question? ğŸ¤”

âš¡ï¸  Topic: #laravel
â­ï¸  Difficulty:  âšª Entry
â“  QA: ""Is there any CLI for Laravel?""

Or Check ANSWER ğŸ‘‰ https://t.co/aPDmrUvBvU

#100DaysOfCode #DEVCommunity #CodeNewbie #freeCodeCamp",0,0,2022-01-01 12:00:00+00:00
171,FullStack_Cafe,"Can You Answer this #Coding #Interview Question? ğŸ¤”

âš¡ï¸  Topic: #uxdesign
â­ï¸  Difficulty:  ğŸŸ¡ Mid
â“  QA: ""What are prototyping tools?""

Or Check ANSWER ğŸ‘‰ https://t.co/LQTZlGkzpG

#100DaysOfCode #DEVCommunity #CodeNewbie #freeCodeCamp",3,1,2022-01-01 06:00:00+00:00
172,FullStack_Cafe,"Can You Answer this #Coding #Interview Question? ğŸ¤”

âš¡ï¸  Topic: #aspnetmvc
â­ï¸  Difficulty:  ğŸ”´ Senior
â“  QA: ""Why to use `Html.Partial` in MVC?""

Or Check ANSWER ğŸ‘‰ https://t.co/LyKx7nb7AN

#100DaysOfCode #DEVCommunity #CodeNewbie #freeCodeCamp",0,0,2022-01-01 00:00:00+00:00
173,FullStack_Cafe,"Can You Answer this #Coding #Interview Question? ğŸ¤”

âš¡ï¸  Topic: #javascript
â­ï¸  Difficulty:  ğŸŸ£ Expert
â“  QA: ""In JavaScript, why is the `this` operator inconsistent?""

Or Check ANSWER ğŸ‘‰ https://t.co/dCt4TY2Rdp

#100DaysOfCode #DEVCommunity #CodeNewbie #freeCodeCamp",2,1,2021-12-31 18:00:00+00:00
174,FullStack_Cafe,"Can You Answer this #Coding #Interview Question? ğŸ¤”

âš¡ï¸  Topic: #android
â­ï¸  Difficulty:  ğŸŸ¢ Junior
â“  QA: ""Tell about _Constraint Layout_""

Or Check ANSWER ğŸ‘‰ https://t.co/86xonvMxF9

#100DaysOfCode #DEVCommunity #CodeNewbie #freeCodeCamp",0,1,2021-12-31 12:00:00+00:00
175,FullStack_Cafe,"Can You Answer this #Coding #Interview Question? ğŸ¤”

âš¡ï¸  Topic: #redux
â­ï¸  Difficulty:  ğŸŸ¡ Mid
â“  QA: ""How to use connect from react redux?""

Or Check ANSWER ğŸ‘‰ https://t.co/PXCz8mBytB

#100DaysOfCode #DEVCommunity #CodeNewbie #freeCodeCamp",0,1,2021-12-31 06:00:00+00:00
176,FullStack_Cafe,"Can You Answer this #Coding #Interview Question? ğŸ¤”

âš¡ï¸  Topic: #strings
â­ï¸  Difficulty:  ğŸ”´ Senior
â“  QA: ""What is Rope Data Structure is used for?""

Or Check ANSWER ğŸ‘‰ https://t.co/cO2OOgsRqE

#100DaysOfCode #DEVCommunity #CodeNewbie #freeCodeCamp",0,1,2021-12-31 00:00:00+00:00
177,FullStack_Cafe,"Can You Answer this #Coding #Interview Question? ğŸ¤”

âš¡ï¸  Topic: #javascript
â­ï¸  Difficulty:  ğŸŸ¢ Junior
â“  QA: ""What is a Polyfill?""

Or Check ANSWER ğŸ‘‰ https://t.co/dCt4TY2Rdp

#100DaysOfCode #DEVCommunity #CodeNewbie #freeCodeCamp",2,1,2021-12-30 18:00:00+00:00
178,FullStack_Cafe,"Can You Answer this #Coding #Interview Question? ğŸ¤”

âš¡ï¸  Topic: #android
â­ï¸  Difficulty:  âšª Entry
â“  QA: ""Mention the difference between `RelativeLayout` and `LinearLayout`?""

Or Check ANSWER ğŸ‘‰ https://t.co/86xonvMxF9

#100DaysOfCode #DEVCommunity #CodeNewbie #freeCodeCamp",1,2,2021-12-29 12:00:00+00:00
179,FullStack_Cafe,"Can You Answer this #Coding #Interview Question? ğŸ¤”

âš¡ï¸  Topic: #loadbalancing
â­ï¸  Difficulty:  ğŸŸ£ Expert
â“  QA: ""Explain what is â€œPower of Two Random Choicesâ€ Load Balancing?""

Or Check ANSWER ğŸ‘‰ https://t.co/bfo0pEuWQ1

#100DaysOfCode #DEVCommunity #CodeNewbie #freeCodeCamp",3,1,2021-12-29 06:00:00+00:00
180,FullStack_Cafe,"Can You Answer this #Coding #Interview Question? ğŸ¤”

âš¡ï¸  Topic: #aspnetmvc
â­ï¸  Difficulty:  ğŸŸ¡ Mid
â“  QA: ""What is _Attribute Routing_ in MVC?""

Or Check ANSWER ğŸ‘‰ https://t.co/LyKx7nb7AN

#100DaysOfCode #DEVCommunity #CodeNewbie #freeCodeCamp",2,1,2021-12-29 00:00:00+00:00
181,FullStack_Cafe,"Can You Answer this #Coding #Interview Question? ğŸ¤”

âš¡ï¸  Topic: #caching
â­ï¸  Difficulty:  ğŸ”´ Senior
â“  QA: ""What are Cache Replacement (or Eviction Policy) algorithms?""

Or Check ANSWER ğŸ‘‰ https://t.co/GrlniXB7QV

#100DaysOfCode #DEVCommunity #CodeNewbie #freeCodeCamp",0,1,2021-12-28 18:00:00+00:00
182,FullStack_Cafe,"Can You Answer this #Coding #Interview Question? ğŸ¤”

âš¡ï¸  Topic: #ruby
â­ï¸  Difficulty:  ğŸŸ¡ Mid
â“  QA: ""What is the difference between `Kernel#require` and `Kernel#load`?  ""

Or Check ANSWER ğŸ‘‰ https://t.co/djDQic1doE

#100DaysOfCode #DEVCommunity #CodeNewbie #freeCodeCamp",3,2,2021-12-28 12:00:00+00:00
183,FullStack_Cafe,"Can You Answer this #Coding #Interview Question? ğŸ¤”

âš¡ï¸  Topic: #aspnetweb api
â­ï¸  Difficulty:  ğŸ”´ Senior
â“  QA: ""What is _Delegating Handler_?""

Or Check ANSWER ğŸ‘‰ https://t.co/5oWqUKwJXp

#100DaysOfCode #DEVCommunity #CodeNewbie #freeCodeCamp",2,3,2021-12-28 06:00:00+00:00
184,FullStack_Cafe,"Can You Answer this #Coding #Interview Question? ğŸ¤”

âš¡ï¸  Topic: #angularjs
â­ï¸  Difficulty:  ğŸŸ¡ Mid
â“  QA: ""What is an interceptor? What are common uses of it?""

Or Check ANSWER ğŸ‘‰ https://t.co/VVJ4K3Pfdi

#100DaysOfCode #DEVCommunity #CodeNewbie #freeCodeCamp",0,0,2021-12-28 00:00:00+00:00
185,FullStack_Cafe,"Can You Answer this #Coding #Interview Question? ğŸ¤”

âš¡ï¸  Topic: #softwaretesting
â­ï¸  Difficulty:  ğŸŸ£ Expert
â“  QA: ""Could you name some common Performance Testing fallacies?""

Or Check ANSWER ğŸ‘‰ https://t.co/FiUs9hsjyr

#100DaysOfCode #DEVCommunity #CodeNewbie #freeCodeCamp",0,0,2021-12-27 18:00:00+00:00
186,FullStack_Cafe,"Can You Answer this #Coding #Interview Question? ğŸ¤”

âš¡ï¸  Topic: #entityframework
â­ï¸  Difficulty:  ğŸŸ¡ Mid
â“  QA: ""How can we handle concurrency in Entity Framework?""

Or Check ANSWER ğŸ‘‰ https://t.co/rzQ4IfEF7s

#100DaysOfCode #DEVCommunity #CodeNewbie #freeCodeCamp",0,1,2021-12-27 00:00:00+00:00
187,FullStack_Cafe,"Can You Answer this #Coding #Interview Question? ğŸ¤”

âš¡ï¸  Topic: #angular
â­ï¸  Difficulty:  ğŸŸ£ Expert
â“  QA: ""What are observable _creation functions_?""

Or Check ANSWER ğŸ‘‰ https://t.co/WPg8pUQR8g

#100DaysOfCode #DEVCommunity #CodeNewbie #freeCodeCamp",0,0,2021-12-26 18:00:00+00:00
188,FullStack_Cafe,"Can You Answer this #Coding #Interview Question? ğŸ¤”

âš¡ï¸  Topic: #t-sql
â­ï¸  Difficulty:  ğŸŸ¡ Mid
â“  QA: ""What are _Row Constructors_?""

Or Check ANSWER ğŸ‘‰ https://t.co/OyVLK1ZwF3

#100DaysOfCode #DEVCommunity #CodeNewbie #freeCodeCamp",2,4,2021-12-25 12:00:00+00:00
189,FullStack_Cafe,"Can You Answer this #Coding #Interview Question? ğŸ¤”

âš¡ï¸  Topic: #python
â­ï¸  Difficulty:  ğŸŸ¡ Mid
â“  QA: ""What does an `x = y or z` assignment do in Python?""

Or Check ANSWER ğŸ‘‰ https://t.co/nnZxb1giiy

#100DaysOfCode #DEVCommunity #CodeNewbie #freeCodeCamp",1,0,2021-12-25 06:00:00+00:00
190,FullStack_Cafe,"Can You Answer this #Coding #Interview Question? ğŸ¤”

âš¡ï¸  Topic: #mongodb
â­ï¸  Difficulty:  ğŸ”´ Senior
â“  QA: ""MongoDB relationships. What to use - embed or reference?""

Or Check ANSWER ğŸ‘‰ https://t.co/K7krBPDlIL

#100DaysOfCode #DEVCommunity #CodeNewbie #freeCodeCamp",3,2,2021-12-25 00:00:00+00:00
191,FullStack_Cafe,"Can You Answer this #Coding #Interview Question? ğŸ¤”

âš¡ï¸  Topic: #oop
â­ï¸  Difficulty:  ğŸŸ¡ Mid
â“  QA: ""Is it possible for a class to inherit the constructor of its base class?""

Or Check ANSWER ğŸ‘‰ https://t.co/8I4nBv6DvF

#100DaysOfCode #DEVCommunity #CodeNewbie #freeCodeCamp",0,0,2021-12-24 18:00:00+00:00
192,FullStack_Cafe,"Can You Answer this #Coding #Interview Question? ğŸ¤”

âš¡ï¸  Topic: #xamarin
â­ï¸  Difficulty:  ğŸŸ¡ Mid
â“  QA: ""How many ways can we share the code?""

Or Check ANSWER ğŸ‘‰ https://t.co/7rDTi2Xqj6

#100DaysOfCode #DEVCommunity #CodeNewbie #freeCodeCamp",0,0,2021-12-24 12:00:00+00:00
193,FullStack_Cafe,"Can You Answer this #Coding #Interview Question? ğŸ¤”

âš¡ï¸  Topic: #concurrency
â­ï¸  Difficulty:  ğŸŸ£ Expert
â“  QA: ""What happens if you have a ""race condition"" on the lock itself?""

Or Check ANSWER ğŸ‘‰ https://t.co/y2XN0iKV0m

#100DaysOfCode #DEVCommunity #CodeNewbie #freeCodeCamp",0,0,2021-12-24 06:00:00+00:00
194,FullStack_Cafe,"Can You Answer this #Coding #Interview Question? ğŸ¤”

âš¡ï¸  Topic: #uxdesign
â­ï¸  Difficulty:  ğŸ”´ Senior
â“  QA: ""Name a main difference Between UX And UI Design""

Or Check ANSWER ğŸ‘‰ https://t.co/LQTZlGkzpG

#100DaysOfCode #DEVCommunity #CodeNewbie #freeCodeCamp",0,1,2021-12-24 00:00:00+00:00
195,FullStack_Cafe,"Can You Answer this #Coding #Interview Question? ğŸ¤”

âš¡ï¸  Topic: #wcf
â­ï¸  Difficulty:  ğŸŸ£ Expert
â“  QA: ""Explain Binary vs MTOM vs Streaming in WCF?""

Or Check ANSWER ğŸ‘‰ https://t.co/NvAzA6MgBW

#100DaysOfCode #DEVCommunity #CodeNewbie #freeCodeCamp",1,1,2021-12-23 18:00:00+00:00
196,FullStack_Cafe,"Can You Answer this #Coding #Interview Question? ğŸ¤”

âš¡ï¸  Topic: #docker
â­ï¸  Difficulty:  ğŸŸ¡ Mid
â“  QA: ""What is the difference between Kubernetes and Docker?""

Or Check ANSWER ğŸ‘‰ https://t.co/vTM7CGIKr6

#100DaysOfCode #DEVCommunity #CodeNewbie #freeCodeCamp",0,0,2021-12-23 12:00:00+00:00
197,FullStack_Cafe,"Can You Answer this #Coding #Interview Question? ğŸ¤”

âš¡ï¸  Topic: #netcore
â­ï¸  Difficulty:  ğŸŸ£ Expert
â“  QA: ""Explain when to use `Finalize` vs `Dispose`?""

Or Check ANSWER ğŸ‘‰ https://t.co/v1WRK4mxxB

#100DaysOfCode #DEVCommunity #CodeNewbie #freeCodeCamp",2,4,2021-12-22 12:00:00+00:00
198,FullStack_Cafe,"Can You Answer this #Coding #Interview Question? ğŸ¤”

âš¡ï¸  Topic: #mysql
â­ï¸  Difficulty:  ğŸŸ¡ Mid
â“  QA: ""What different _stored objects_ are supported in MySQL?""

Or Check ANSWER ğŸ‘‰ https://t.co/pSM4fqwkxE

#100DaysOfCode #DEVCommunity #CodeNewbie #freeCodeCamp",3,2,2021-12-22 06:00:00+00:00
199,FullStack_Cafe,"Can You Answer this #Coding #Interview Question? ğŸ¤”

âš¡ï¸  Topic: #python
â­ï¸  Difficulty:  ğŸŸ£ Expert
â“  QA: ""Why use `else` in `try/except` construct in Python?""

Or Check ANSWER ğŸ‘‰ https://t.co/nnZxb1giiy

#100DaysOfCode #DEVCommunity #CodeNewbie #freeCodeCamp",3,3,2021-12-22 00:00:00+00:00
